mean_fit_time,std_fit_time,mean_score_time,std_score_time,param_max_depth,param_min_samples_leaf,param_min_samples_split,param_n_estimators,params,split0_test_score,split1_test_score,split2_test_score,mean_test_score,std_test_score,rank_test_score,split0_train_score,split1_train_score,split2_train_score,mean_train_score,std_train_score
6.472742080688477,0.8047276633117031,1.3876148064931233,0.3029171378430772,20,1,2,50,"{'max_depth': 20, 'min_samples_leaf': 1, 'min_samples_split': 2, 'n_estimators': 50}",0.9802861249914436,0.9800794085432639,0.9806270536692223,0.9803308624013098,0.0002258020857265014,1,0.9998973165388828,0.9997946401067871,0.9997604134579183,0.9998174567011961,5.8172508568393634e-05
6.0231146812438965,1.1633264036003605,0.7781399885813395,0.21841186697924536,20,1,2,100,"{'max_depth': 20, 'min_samples_leaf': 1, 'min_samples_split': 2, 'n_estimators': 100}",0.9803545759463345,0.97973713033954,0.9808324205914567,0.9803080422924437,0.0004483593943064303,2,1.0,0.9999315467022624,0.9999657733511312,0.9999657733511311,2.79459417780038e-05
12.482986132303873,2.139551475241743,2.0754156907399497,0.6576117865603119,20,1,2,200,"{'max_depth': 20, 'min_samples_leaf': 1, 'min_samples_split': 2, 'n_estimators': 200}",0.9802176740365528,0.9796686746987951,0.9809008762322016,0.9802624083225165,0.0005040377115440168,3,1.0,1.0,1.0,1.0,0.0
13.687873125076294,1.183789208204219,1.9001757303873699,0.5870288876471508,20,1,5,200,"{'max_depth': 20, 'min_samples_leaf': 1, 'min_samples_split': 5, 'n_estimators': 200}",0.980559928811007,0.979394852135816,0.9805585980284776,0.9801711263251002,0.0005489090121669383,4,0.9987335706462213,0.9988705205873293,0.9983228942054283,0.9986423284796596,0.00023269080093210433
8.321924050649008,1.4653889895005905,1.094964901606242,0.4683588359046116,30,1,2,100,"{'max_depth': 30, 'min_samples_leaf': 1, 'min_samples_split': 2, 'n_estimators': 100}",0.980149223081662,0.9796686746987951,0.9805585980284776,0.9801254986029783,0.00036369677969875505,5,1.0,1.0,1.0,1.0,0.0
3.2567735513051352,0.9879855590213134,0.9029809633890787,0.18505498570086673,,1,2,100,"{'max_depth': None, 'min_samples_leaf': 1, 'min_samples_split': 2, 'n_estimators': 100}",0.980149223081662,0.9796686746987951,0.9805585980284776,0.9801254986029783,0.00036369677969875505,5,1.0,1.0,1.0,1.0,0.0
3.940858999888102,0.42532340187681345,0.5769951343536377,0.08857586376220958,20,1,5,50,"{'max_depth': 20, 'min_samples_leaf': 1, 'min_samples_split': 5, 'n_estimators': 50}",0.9798754192620988,0.9794633077765608,0.9807639649507119,0.9800342306631239,0.0005427357042424908,7,0.9977751916757941,0.9981175343122155,0.9977068145257898,0.9978665135045999,0.00017968016594810594
9.753028154373169,1.6000839678521244,2.349851051966349,0.5613521960114406,,1,5,200,"{'max_depth': None, 'min_samples_leaf': 1, 'min_samples_split': 5, 'n_estimators': 200}",0.9800123211718803,0.9796002190580504,0.9804901423877328,0.9800342275392211,0.0003636397483552553,8,0.9991100766703176,0.9990758804805422,0.999110107129411,0.9990986880934236,1.6127422524994766e-05
12.5302046140035,0.3565460553763986,2.3669825394948325,0.06189337040748191,30,1,5,200,"{'max_depth': 30, 'min_samples_leaf': 1, 'min_samples_split': 5, 'n_estimators': 200}",0.9800123211718803,0.9796002190580504,0.9804901423877328,0.9800342275392211,0.0003636397483552553,8,0.9991100766703176,0.9990758804805422,0.999110107129411,0.9990986880934236,1.6127422524994766e-05
9.042882442474365,2.205139042667954,1.2291913827260335,0.26516654203556767,20,1,5,100,"{'max_depth': 20, 'min_samples_leaf': 1, 'min_samples_split': 5, 'n_estimators': 100}",0.980149223081662,0.9792579408543264,0.9806955093099672,0.9800342244153185,0.0005924915111115947,10,0.9984255202628697,0.9984598008009036,0.9977410411746586,0.9982087874128105,0.0003310424910299938
2.093428452809652,0.6975803862196461,0.4310139020284017,0.18925303030157442,,1,2,50,"{'max_depth': None, 'min_samples_leaf': 1, 'min_samples_split': 2, 'n_estimators': 50}",0.9797385173523171,0.9792579408543264,0.9809008762322016,0.9799657781462816,0.0006897075541239838,11,0.9999657721796276,0.9998973200533936,0.9999315467022624,0.9999315463117612,2.7945463514996683e-05
4.788135131200154,0.1240764869815156,0.6297376155853271,0.09188387654858077,30,1,2,50,"{'max_depth': 30, 'min_samples_leaf': 1, 'min_samples_split': 2, 'n_estimators': 50}",0.9797385173523171,0.9792579408543264,0.9809008762322016,0.9799657781462816,0.0006897075541239838,11,0.9999657721796276,0.9998973200533936,0.9999315467022624,0.9999315463117612,2.7945463514996683e-05
5.776911815007527,0.6597058174414834,0.6782433191935221,0.10832627704274256,30,1,5,50,"{'max_depth': 30, 'min_samples_leaf': 1, 'min_samples_split': 5, 'n_estimators': 50}",0.9800807721267711,0.9796002190580504,0.9802163198247535,0.9799657703365249,0.0002643408122139695,13,0.9983228368017525,0.9981175343122155,0.9982886675565595,0.9982430128901759,8.981662605730193e-05
3.4973217646280923,0.6846608963709578,0.5944168567657471,0.18418157306846802,,1,5,50,"{'max_depth': None, 'min_samples_leaf': 1, 'min_samples_split': 5, 'n_estimators': 50}",0.9800807721267711,0.9796002190580504,0.9802163198247535,0.9799657703365249,0.0002643408122139695,13,0.9983228368017525,0.9981175343122155,0.9982886675565595,0.9982430128901759,8.981662605730193e-05
10.124692996342977,0.6546738103264161,1.8326003551483154,0.9339919242487305,,2,2,200,"{'max_depth': None, 'min_samples_leaf': 2, 'min_samples_split': 2, 'n_estimators': 200}",0.9797385173523171,0.9793263964950711,0.9807639649507119,0.9799429595993666,0.0006044271339857807,15,0.9952081051478642,0.9954820823493172,0.9946948694253346,0.9951283523075053,0.00032628865909427074
12.814288059870401,1.5680799030611716,1.3922847112019856,0.47787039790254904,30,2,2,200,"{'max_depth': 30, 'min_samples_leaf': 2, 'min_samples_split': 2, 'n_estimators': 200}",0.9797385173523171,0.9793263964950711,0.9807639649507119,0.9799429595993666,0.0006044271339857807,15,0.9952081051478642,0.9954820823493172,0.9946948694253346,0.9951283523075053,0.00032628865909427074
6.959463119506836,1.0124884268053558,1.0638093948364258,0.0973816741386754,30,1,5,100,"{'max_depth': 30, 'min_samples_leaf': 1, 'min_samples_split': 5, 'n_estimators': 100}",0.9798754192620988,0.9796686746987951,0.9801478641840088,0.9798973193816343,0.00019624024750558333,17,0.9986308871851041,0.9987678406407229,0.998733613991854,0.9987107806058937,5.81955604681014e-05
4.660602966944377,0.1870316242355132,0.6185747782389323,0.26144217795617475,,1,5,100,"{'max_depth': None, 'min_samples_leaf': 1, 'min_samples_split': 5, 'n_estimators': 100}",0.9798754192620988,0.9796686746987951,0.9801478641840088,0.9798973193816343,0.00019624024750558333,17,0.9986308871851041,0.9987678406407229,0.998733613991854,0.9987107806058937,5.81955604681014e-05
13.926734606424967,1.7398095674657863,2.098583777745565,0.7966365835202915,30,1,2,200,"{'max_depth': 30, 'min_samples_leaf': 1, 'min_samples_split': 2, 'n_estimators': 200}",0.9798754192620988,0.9792579408543264,0.9804901423877328,0.9798745008347193,0.000503044588722127,19,1.0,1.0,1.0,1.0,0.0
8.617488940556845,2.3441981037271793,2.0337702433268228,0.7724448418165906,,1,2,200,"{'max_depth': None, 'min_samples_leaf': 1, 'min_samples_split': 2, 'n_estimators': 200}",0.9798754192620988,0.9792579408543264,0.9804901423877328,0.9798745008347193,0.000503044588722127,19,1.0,1.0,1.0,1.0,0.0
6.736362059911092,2.699048477794228,1.362939993540446,0.488741006089777,,2,2,100,"{'max_depth': None, 'min_samples_leaf': 2, 'min_samples_split': 2, 'n_estimators': 100}",0.9800123211718803,0.979052573932092,0.9804901423877328,0.9798516791639017,0.00059777652301894,21,0.9951738773274917,0.9955505356470548,0.9945579628298593,0.9950941252681353,0.00040912141033155864
8.092912515004477,0.19146337035332814,0.9222747484842936,0.25633326992339667,30,2,2,100,"{'max_depth': 30, 'min_samples_leaf': 2, 'min_samples_split': 2, 'n_estimators': 100}",0.9800123211718803,0.979052573932092,0.9804901423877328,0.9798516791639017,0.00059777652301894,21,0.9951738773274917,0.995516308998186,0.9945579628298593,0.9950827163851791,0.00039651782863583626
13.570089737574259,0.5184320552967102,1.567091464996338,0.13214350015169657,20,2,2,200,"{'max_depth': 20, 'min_samples_leaf': 2, 'min_samples_split': 2, 'n_estimators': 200}",0.9802861249914436,0.9787787513691129,0.9804216867469879,0.9798288543691814,0.0007445945117786802,23,0.994934282584885,0.9954136290515796,0.9943868295855153,0.9949115804073266,0.00041949638657713803
8.816509008407593,0.5876807467070013,1.565995693206787,0.2996800595698697,,2,5,100,"{'max_depth': None, 'min_samples_leaf': 2, 'min_samples_split': 5, 'n_estimators': 100}",0.9800123211718803,0.9785049288061336,0.9809008762322016,0.9798060420700718,0.0009889571335511688,24,0.9943181818181818,0.9943183762877776,0.9936680699592703,0.9941015426884099,0.0003065115165160181
7.917416254679362,0.7338763445668627,0.761584997177124,0.11035257798944224,30,2,5,100,"{'max_depth': 30, 'min_samples_leaf': 2, 'min_samples_split': 5, 'n_estimators': 100}",0.9800123211718803,0.9785049288061336,0.9809008762322016,0.9798060420700718,0.0009889571335511688,24,0.9943181818181818,0.9943183762877776,0.9936680699592703,0.9941015426884099,0.0003065115165160181
7.886199712753296,1.1890176390830418,0.44482024510701496,0.2013173667887418,30,2,5,200,"{'max_depth': 30, 'min_samples_leaf': 2, 'min_samples_split': 5, 'n_estimators': 200}",0.9799438702169895,0.9789156626506024,0.9804216867469879,0.9797604065381932,0.0006283689658162989,26,0.994249726177437,0.9944895095321217,0.9936680699592703,0.9941357685562764,0.00034489660047327324
13.771563132603964,1.6371757733333805,2.252533753712972,0.4902046072004408,,2,5,200,"{'max_depth': None, 'min_samples_leaf': 2, 'min_samples_split': 5, 'n_estimators': 200}",0.9799438702169895,0.9789156626506024,0.9804216867469879,0.9797604065381932,0.0006283689658162989,26,0.994249726177437,0.9944895095321217,0.9936680699592703,0.9941357685562764,0.00034489660047327324
5.534038623174031,1.2600382224803968,0.6846044858296713,0.14870525928075948,20,2,2,50,"{'max_depth': 20, 'min_samples_leaf': 2, 'min_samples_split': 2, 'n_estimators': 50}",0.9802861249914436,0.9785049288061336,0.9804901423877328,0.9797603987284367,0.0008916499009711985,28,0.9949000547645126,0.995139815860629,0.9943183762877776,0.9947860823043064,0.0003448990521158935
5.004743496576945,1.2766348252127642,0.5835978984832764,0.09540565808868968,20,2,5,50,"{'max_depth': 20, 'min_samples_leaf': 2, 'min_samples_split': 5, 'n_estimators': 50}",0.9798754192620988,0.9787787513691129,0.9804216867469879,0.9796919524593998,0.0006831565046350656,29,0.9937020810514786,0.9941472430434336,0.9935653900126639,0.9938049047025254,0.0002484186852404902
6.44572917620341,1.4055464771461592,0.8350521723429362,0.081314658136362,30,2,2,50,"{'max_depth': 30, 'min_samples_leaf': 2, 'min_samples_split': 2, 'n_estimators': 50}",0.9795331644876446,0.9784364731653888,0.9810377875136911,0.9796691417222414,0.0010663259166931549,30,0.9950027382256298,0.9950713625628914,0.9945921894787282,0.9948887634224164,0.00021157252967916748
3.065718332926432,0.17572444350688776,0.7004599571228027,0.17779328786021528,,2,2,50,"{'max_depth': None, 'min_samples_leaf': 2, 'min_samples_split': 2, 'n_estimators': 50}",0.9795331644876446,0.9784364731653888,0.9810377875136911,0.9796691417222414,0.0010663259166931549,30,0.9950027382256298,0.9950713625628914,0.9945921894787282,0.9948887634224164,0.00021157252967916748
4.1408766110738116,0.4032384994447325,0.49021585782368976,0.10347564219091708,,2,5,50,"{'max_depth': None, 'min_samples_leaf': 2, 'min_samples_split': 5, 'n_estimators': 50}",0.9796016154425354,0.9788472070098576,0.9804901423877328,0.9796463216133753,0.0006714701012216119,32,0.9941128148959474,0.9945579628298593,0.9935996166615326,0.9940901314624465,0.0003915718309609391
4.699317852656047,0.8072083266371592,0.821644147237142,0.14264828624561296,30,2,5,50,"{'max_depth': 30, 'min_samples_leaf': 2, 'min_samples_split': 5, 'n_estimators': 50}",0.9796016154425354,0.9788472070098576,0.9804901423877328,0.9796463216133753,0.0006714701012216119,32,0.9941128148959474,0.9945921894787282,0.9935996166615326,0.9941015403454028,0.00040529457268869665
13.014286200205484,1.1467872429865755,2.367610057195028,0.10277286459454688,20,2,5,200,"{'max_depth': 20, 'min_samples_leaf': 2, 'min_samples_split': 5, 'n_estimators': 200}",0.9798069683072079,0.9789841182913472,0.9801478641840088,0.9796463169275214,0.0004884893550652289,34,0.9941812705366923,0.994421056234384,0.9935653900126639,0.99405590559458,0.00036039649210401273
7.529884894688924,0.32412710141601425,0.9222973982493082,0.19569543174348075,20,2,2,100,"{'max_depth': 20, 'min_samples_leaf': 2, 'min_samples_split': 2, 'n_estimators': 100}",0.9798754192620988,0.9785049288061336,0.9805585980284776,0.97964631536557,0.0008539148143518034,35,0.995105421686747,0.9952767224561043,0.9944552828832529,0.9949458090087013,0.0003538341402467531
7.891167879104614,0.7707279228476556,0.9620189666748047,0.19841865792395427,20,2,5,100,"{'max_depth': 20, 'min_samples_leaf': 2, 'min_samples_split': 5, 'n_estimators': 100}",0.9800123211718803,0.978710295728368,0.9800794085432639,0.9796006751478373,0.0006301887610395345,36,0.9940785870755751,0.9943183762877776,0.9936338433104015,0.9940102688912514,0.00028360404323730644
